timestamp,pqrm,d_surf,rounds,state,p_1q,p_2q,p_meas,p_reset,decoder,backend,workers,n_det,n_ps,max_shots,max_errors,shots,kept,ps_rate,errors,ler,total_seconds
2026-03-23T05:28:53,1-2-4,3,3,Z,1e-06,1e-03,1e-03,1e-03,bposd,gpu,1,88,12,5000000,200,740000,602633,0.8144,202,3.35e-04,96.0
2026-03-23T05:29:37,1-2-4,3,3,X,1e-06,1e-03,1e-03,1e-03,bposd,gpu,1,88,13,5000000,200,390000,317921,0.8152,201,6.32e-04,44.3
2026-03-23T05:30:13,1-2-4,3,3,Y,1e-06,1e-03,1e-03,1e-03,bposd,gpu,1,88,13,5000000,200,330000,260063,0.7881,201,7.73e-04,36.0
2026-03-23T05:35:51,1-2-4,4,4,Z,1e-06,1e-03,1e-03,1e-03,bposd,gpu,1,176,16,5000000,200,1580000,1214799,0.7689,200,1.65e-04,337.9
2026-03-23T05:37:21,1-2-4,4,4,X,1e-06,1e-03,1e-03,1e-03,bposd,gpu,1,176,18,5000000,200,430000,329672,0.7667,204,6.19e-04,89.2
2026-03-23T05:38:41,1-2-4,4,4,Y,1e-06,1e-03,1e-03,1e-03,bposd,gpu,1,176,18,5000000,200,360000,262082,0.7280,201,7.67e-04,79.3
2026-03-23T06:02:55,1-2-4,5,5,Z,1e-06,1e-03,1e-03,1e-03,bposd,gpu,1,314,20,5000000,200,5000000,3638585,0.7277,168,4.62e-05,1434.7
2026-03-23T06:05:01,1-2-4,5,5,X,1e-06,1e-03,1e-03,1e-03,bposd,gpu,1,314,23,5000000,200,450000,326112,0.7247,200,6.13e-04,126.6
2026-03-23T06:07:11,1-2-4,5,5,Y,1e-06,1e-03,1e-03,1e-03,bposd,gpu,1,314,23,5000000,200,480000,322683,0.6723,201,6.23e-04,129.4
2026-03-23T06:49:08,1-2-4,6,6,Z,1e-06,1e-03,1e-03,1e-03,bposd,gpu,1,514,24,5000000,200,5000000,3557663,0.7115,118,3.32e-05,2516.8
2026-03-23T06:51:44,1-2-4,6,6,X,1e-06,1e-03,1e-03,1e-03,bposd,gpu,1,514,28,5000000,200,340000,240210,0.7065,202,8.41e-04,156.4
2026-03-23T06:54:07,1-2-4,6,6,Y,1e-06,1e-03,1e-03,1e-03,bposd,gpu,1,514,28,5000000,200,350000,224825,0.6424,202,8.98e-04,142.9
2026-03-23T08:05:11,1-2-4,7,7,Z,1e-06,1e-03,1e-03,1e-03,bposd,gpu,1,788,28,5000000,200,5000000,3421090,0.6842,102,2.98e-05,4264.2
2026-03-23T08:08:41,1-2-4,7,7,X,1e-06,1e-03,1e-03,1e-03,bposd,gpu,1,788,33,5000000,200,260000,176361,0.6783,201,1.14e-03,209.8
2026-03-23T08:12:14,1-2-4,7,7,Y,1e-06,1e-03,1e-03,1e-03,bposd,gpu,1,788,33,5000000,200,280000,168775,0.6028,203,1.20e-03,212.4
2026-03-23T08:13:33,1-3-5,3,3,Z,1e-06,1e-03,1e-03,1e-03,bposd,gpu,1,142,13,5000000,200,600000,408854,0.6814,200,4.89e-04,79.3
2026-03-23T08:14:06,1-3-5,3,3,X,1e-06,1e-03,1e-03,1e-03,bposd,gpu,1,142,14,5000000,200,250000,170247,0.6810,202,1.19e-03,32.5
2026-03-23T08:14:29,1-3-5,3,3,Y,1e-06,1e-03,1e-03,1e-03,bposd,gpu,1,142,14,5000000,200,180000,117036,0.6502,202,1.73e-03,23.3
2026-03-23T08:19:29,1-3-5,4,4,Z,1e-06,1e-03,1e-03,1e-03,bposd,gpu,1,246,17,5000000,200,1460000,883233,0.6050,201,2.28e-04,299.3
2026-03-23T08:20:03,1-3-5,4,4,X,1e-06,1e-03,1e-03,1e-03,bposd,gpu,1,246,19,5000000,200,170000,102664,0.6039,202,1.97e-03,33.8
2026-03-23T08:20:35,1-3-5,4,4,Y,1e-06,1e-03,1e-03,1e-03,bposd,gpu,1,246,19,5000000,200,170000,96591,0.5682,205,2.12e-03,32.5
2026-03-23T08:46:55,1-3-5,5,5,Z,1e-06,1e-03,1e-03,1e-03,bposd,gpu,1,398,21,5000000,200,5000000,2685516,0.5371,104,3.87e-05,1580.3
2026-03-23T08:47:45,1-3-5,5,5,X,1e-06,1e-03,1e-03,1e-03,bposd,gpu,1,398,24,5000000,200,160000,85604,0.5350,208,2.43e-03,49.6
2026-03-23T08:48:28,1-3-5,5,5,Y,1e-06,1e-03,1e-03,1e-03,bposd,gpu,1,398,24,5000000,200,150000,74090,0.4939,210,2.83e-03,43.1
2026-03-23T09:33:38,1-3-5,6,6,Z,1e-06,1e-03,1e-03,1e-03,bposd,gpu,1,610,25,5000000,200,5000000,2382080,0.4764,33,1.39e-05,2709.3
2026-03-23T09:34:54,1-3-5,6,6,X,1e-06,1e-03,1e-03,1e-03,bposd,gpu,1,610,29,5000000,200,140000,66609,0.4758,212,3.18e-03,75.6
2026-03-23T09:36:00,1-3-5,6,6,Y,1e-06,1e-03,1e-03,1e-03,bposd,gpu,1,610,29,5000000,200,130000,55891,0.4299,216,3.86e-03,66.0
2026-03-23T10:42:30,1-3-5,7,7,Z,1e-06,1e-03,1e-03,1e-03,bposd,gpu,1,894,29,5000000,200,5000000,2112556,0.4225,20,9.47e-06,3989.7
2026-03-23T10:43:48,1-3-5,7,7,X,1e-06,1e-03,1e-03,1e-03,bposd,gpu,1,894,34,5000000,200,100000,42207,0.4221,205,4.86e-03,77.6
2026-03-23T10:45:12,1-3-5,7,7,Y,1e-06,1e-03,1e-03,1e-03,bposd,gpu,1,894,34,5000000,200,120000,44544,0.3712,204,4.58e-03,84.4
2026-03-23T04:11:09,1-4-6,3,3,Z,1e-06,1e-03,1e-03,1e-03,bposd,gpu,1,236,14,5000000,200,790000,390153,0.4939,201,5.15e-04,166.6
2026-03-23T04:11:38,1-4-6,3,3,X,1e-06,1e-03,1e-03,1e-03,bposd,gpu,1,236,15,5000000,200,130000,64184,0.4937,209,3.26e-03,29.0
2026-03-23T04:12:04,1-4-6,3,3,Y,1e-06,1e-03,1e-03,1e-03,bposd,gpu,1,236,15,5000000,200,120000,55720,0.4643,204,3.66e-03,26.0
2026-03-23T04:22:30,1-4-6,4,4,Z,1e-06,1e-03,1e-03,1e-03,bposd,gpu,1,371,18,5000000,200,2030000,822920,0.4054,201,2.44e-04,626.0
2026-03-23T04:23:06,1-4-6,4,4,X,1e-06,1e-03,1e-03,1e-03,bposd,gpu,1,371,20,5000000,200,120000,48413,0.4034,207,4.28e-03,35.2
2026-03-23T04:23:39,1-4-6,4,4,Y,1e-06,1e-03,1e-03,1e-03,bposd,gpu,1,371,20,5000000,200,110000,41130,0.3739,211,5.13e-03,28.3
2026-03-23T04:58:28,1-4-6,5,5,Z,1e-06,1e-03,1e-03,1e-03,bposd,gpu,1,554,22,5000000,200,5000000,1660507,0.3321,67,4.03e-05,2070.0
2026-03-23T04:59:18,1-4-6,5,5,X,1e-06,1e-03,1e-03,1e-03,bposd,gpu,1,554,25,5000000,200,110000,36575,0.3325,200,5.47e-03,50.0
2026-03-23T05:00:13,1-4-6,5,5,Y,1e-06,1e-03,1e-03,1e-03,bposd,gpu,1,554,25,5000000,200,100000,29912,0.2991,209,6.99e-03,34.5
2026-03-23T05:48:22,1-4-6,6,6,Z,1e-06,1e-03,1e-03,1e-03,bposd,gpu,1,797,26,5000000,200,5000000,1360830,0.2722,33,2.42e-05,2888.9
2026-03-23T05:49:12,1-4-6,6,6,X,1e-06,1e-03,1e-03,1e-03,bposd,gpu,1,797,30,5000000,200,90000,24544,0.2727,212,8.64e-03,49.3
2026-03-23T05:49:57,1-4-6,6,6,Y,1e-06,1e-03,1e-03,1e-03,bposd,gpu,1,797,30,5000000,200,90000,21547,0.2394,219,1.02e-02,44.3
2026-03-23T06:55:12,1-4-6,7,7,Z,1e-06,1e-03,1e-03,1e-03,bposd,gpu,1,1112,30,5000000,200,5000000,1115133,0.2230,17,1.52e-05,3915.3
2026-03-23T06:56:43,1-4-6,7,7,X,1e-06,1e-03,1e-03,1e-03,bposd,gpu,1,1112,35,5000000,200,80000,17858,0.2232,228,1.28e-02,90.7
2026-03-23T06:57:57,1-4-6,7,7,Y,1e-06,1e-03,1e-03,1e-03,bposd,gpu,1,1112,35,5000000,200,90000,17285,0.1921,228,1.32e-02,72.7
2026-03-23T03:30:38,1-2-4,3,3,Z,1e-06,2e-03,2e-03,2e-03,bposd,gpu,1,88,12,2000000,200,220000,146485,0.6658,208,1.42e-03,110.2
2026-03-23T03:30:50,1-2-4,3,3,X,1e-06,2e-03,2e-03,2e-03,bposd,gpu,1,88,13,2000000,200,170000,113103,0.6653,213,1.88e-03,12.1
2026-03-23T03:30:59,1-2-4,3,3,Y,1e-06,2e-03,2e-03,2e-03,bposd,gpu,1,88,13,2000000,200,110000,68266,0.6206,211,3.09e-03,7.8
2026-03-23T03:31:55,1-2-4,4,4,Z,1e-06,2e-03,2e-03,2e-03,bposd,gpu,1,176,16,2000000,200,430000,255029,0.5931,203,7.96e-04,56.3
2026-03-23T03:32:18,1-2-4,4,4,X,1e-06,2e-03,2e-03,2e-03,bposd,gpu,1,176,18,2000000,200,170000,100286,0.5899,202,2.01e-03,22.2
2026-03-23T03:32:37,1-2-4,4,4,Y,1e-06,2e-03,2e-03,2e-03,bposd,gpu,1,176,18,2000000,200,130000,69356,0.5335,213,3.07e-03,19.3
2026-03-23T03:39:59,1-2-4,5,5,Z,1e-06,2e-03,2e-03,2e-03,bposd,gpu,1,314,20,2000000,200,1130000,600320,0.5313,200,3.33e-04,438.6
2026-03-23T03:41:14,1-2-4,5,5,X,1e-06,2e-03,2e-03,2e-03,bposd,gpu,1,314,23,2000000,200,140000,73712,0.5265,205,2.78e-03,51.3
2026-03-23T03:41:53,1-2-4,5,5,Y,1e-06,2e-03,2e-03,2e-03,bposd,gpu,1,314,23,2000000,200,110000,50049,0.4550,209,4.18e-03,38.5
2026-03-23T04:03:38,1-2-4,6,6,Z,1e-06,2e-03,2e-03,2e-03,bposd,gpu,1,514,24,2000000,200,2000000,1017641,0.5088,195,1.92e-04,1304.7
2026-03-23T04:04:34,1-2-4,6,6,X,1e-06,2e-03,2e-03,2e-03,bposd,gpu,1,514,28,2000000,200,110000,55572,0.5052,204,3.67e-03,55.6
2026-03-23T04:05:19,1-2-4,6,6,Y,1e-06,2e-03,2e-03,2e-03,bposd,gpu,1,514,28,2000000,200,100000,41635,0.4163,212,5.09e-03,45.2
2026-03-23T04:36:24,1-2-4,7,7,Z,1e-06,2e-03,2e-03,2e-03,bposd,gpu,1,788,28,2000000,200,2000000,942967,0.4715,125,1.33e-04,1863.1
2026-03-23T04:37:43,1-2-4,7,7,X,1e-06,2e-03,2e-03,2e-03,bposd,gpu,1,788,33,2000000,200,90000,41561,0.4618,215,5.17e-03,78.7
2026-03-23T04:38:53,1-2-4,7,7,Y,1e-06,2e-03,2e-03,2e-03,bposd,gpu,1,788,33,2000000,200,100000,36756,0.3676,215,5.85e-03,70.1
2026-03-23T04:39:14,1-3-5,3,3,Z,1e-06,2e-03,2e-03,2e-03,bposd,gpu,1,142,13,2000000,200,210000,97740,0.4654,201,2.06e-03,20.5
2026-03-23T04:39:23,1-3-5,3,3,X,1e-06,2e-03,2e-03,2e-03,bposd,gpu,1,142,14,2000000,200,90000,41653,0.4628,219,5.26e-03,8.7
2026-03-23T04:39:31,1-3-5,3,3,Y,1e-06,2e-03,2e-03,2e-03,bposd,gpu,1,142,14,2000000,200,70000,29812,0.4259,210,7.04e-03,6.7
2026-03-23T04:40:53,1-3-5,4,4,Z,1e-06,2e-03,2e-03,2e-03,bposd,gpu,1,246,17,2000000,200,460000,169770,0.3691,201,1.18e-03,82.5
2026-03-23T04:41:11,1-3-5,4,4,X,1e-06,2e-03,2e-03,2e-03,bposd,gpu,1,246,19,2000000,200,80000,29517,0.3690,226,7.66e-03,13.2
2026-03-23T04:41:22,1-3-5,4,4,Y,1e-06,2e-03,2e-03,2e-03,bposd,gpu,1,246,19,2000000,200,70000,22947,0.3278,201,8.76e-03,10.9
2026-03-23T04:49:54,1-3-5,5,5,Z,1e-06,2e-03,2e-03,2e-03,bposd,gpu,1,398,21,2000000,200,2000000,584211,0.2921,179,3.06e-04,511.1
2026-03-23T04:50:13,1-3-5,5,5,X,1e-06,2e-03,2e-03,2e-03,bposd,gpu,1,398,24,2000000,200,70000,20528,0.2933,207,1.01e-02,17.8
2026-03-23T04:50:28,1-3-5,5,5,Y,1e-06,2e-03,2e-03,2e-03,bposd,gpu,1,398,24,2000000,200,70000,17389,0.2484,202,1.16e-02,15.3
2026-03-23T05:04:06,1-3-5,6,6,Z,1e-06,2e-03,2e-03,2e-03,bposd,gpu,1,610,25,2000000,200,2000000,463454,0.2317,73,1.58e-04,817.9
2026-03-23T05:04:37,1-3-5,6,6,X,1e-06,2e-03,2e-03,2e-03,bposd,gpu,1,610,29,2000000,200,70000,16283,0.2326,225,1.38e-02,30.2
2026-03-23T05:05:04,1-3-5,6,6,Y,1e-06,2e-03,2e-03,2e-03,bposd,gpu,1,610,29,2000000,200,80000,14933,0.1867,213,1.43e-02,27.3
2026-03-23T05:25:24,1-3-5,7,7,Z,1e-06,2e-03,2e-03,2e-03,bposd,gpu,1,894,29,2000000,200,2000000,366382,0.1832,31,8.46e-05,1219.0
2026-03-23T05:26:14,1-3-5,7,7,X,1e-06,2e-03,2e-03,2e-03,bposd,gpu,1,894,34,2000000,200,60000,10856,0.1809,230,2.12e-02,50.0
2026-03-23T05:27:14,1-3-5,7,7,Y,1e-06,2e-03,2e-03,2e-03,bposd,gpu,1,894,34,2000000,200,70000,9937,0.1420,205,2.06e-02,57.3
2026-03-23T03:31:16,1-4-6,3,3,Z,1e-06,2e-03,2e-03,2e-03,bposd,gpu,1,236,14,2000000,200,390000,96930,0.2485,203,2.09e-03,148.5
2026-03-23T03:31:38,1-4-6,3,3,X,1e-06,2e-03,2e-03,2e-03,bposd,gpu,1,236,15,2000000,200,70000,17495,0.2499,206,1.18e-02,10.3
2026-03-23T03:31:49,1-4-6,3,3,Y,1e-06,2e-03,2e-03,2e-03,bposd,gpu,1,236,15,2000000,200,70000,15181,0.2169,229,1.51e-02,9.1
2026-03-23T03:35:19,1-4-6,4,4,Z,1e-06,2e-03,2e-03,2e-03,bposd,gpu,1,371,18,2000000,200,1090000,183738,0.1686,200,1.09e-03,210.4
2026-03-23T03:35:36,1-4-6,4,4,X,1e-06,2e-03,2e-03,2e-03,bposd,gpu,1,371,20,2000000,200,70000,11678,0.1668,228,1.95e-02,16.5
2026-03-23T03:35:46,1-4-6,4,4,Y,1e-06,2e-03,2e-03,2e-03,bposd,gpu,1,371,20,2000000,200,60000,8590,0.1432,208,2.42e-02,9.8
2026-03-23T03:44:16,1-4-6,5,5,Z,1e-06,2e-03,2e-03,2e-03,bposd,gpu,1,554,22,2000000,200,2000000,230876,0.1154,84,3.64e-04,510.2
2026-03-23T03:44:37,1-4-6,5,5,X,1e-06,2e-03,2e-03,2e-03,bposd,gpu,1,554,25,2000000,200,70000,8074,0.1153,215,2.66e-02,20.5
2026-03-23T03:44:50,1-4-6,5,5,Y,1e-06,2e-03,2e-03,2e-03,bposd,gpu,1,554,25,2000000,200,60000,5631,0.0939,219,3.89e-02,12.7
2026-03-23T03:54:09,1-4-6,6,6,Z,1e-06,2e-03,2e-03,2e-03,bposd,gpu,1,797,26,2000000,200,2000000,158385,0.0792,35,2.21e-04,556.9
2026-03-23T03:54:29,1-4-6,6,6,X,1e-06,2e-03,2e-03,2e-03,bposd,gpu,1,797,30,2000000,200,60000,4648,0.0775,202,4.35e-02,19.5
2026-03-23T03:54:46,1-4-6,6,6,Y,1e-06,2e-03,2e-03,2e-03,bposd,gpu,1,797,30,2000000,200,70000,4244,0.0606,222,5.23e-02,16.8
2026-03-23T04:07:36,1-4-6,7,7,Z,1e-06,2e-03,2e-03,2e-03,bposd,gpu,1,1112,30,2000000,200,2000000,110946,0.0555,8,7.21e-05,768.9
2026-03-23T04:07:56,1-4-6,7,7,X,1e-06,2e-03,2e-03,2e-03,bposd,gpu,1,1112,35,2000000,200,60000,3242,0.0540,226,6.97e-02,19.4
2026-03-23T04:08:19,1-4-6,7,7,Y,1e-06,2e-03,2e-03,2e-03,bposd,gpu,1,1112,35,2000000,200,70000,2888,0.0413,217,7.51e-02,17.4
2026-03-23T07:11:23,1-2-4,3,3,Z,1e-06,5e-04,5e-04,5e-04,bposd,gpu,1,88,12,20000000,100,1460000,1317550,0.9024,100,7.59e-05,130.3
2026-03-23T07:12:53,1-2-4,3,3,X,1e-06,5e-04,5e-04,5e-04,bposd,gpu,1,88,13,20000000,100,1080000,974833,0.9026,102,1.05e-04,90.4
2026-03-23T07:13:34,1-2-4,3,3,Y,1e-06,5e-04,5e-04,5e-04,bposd,gpu,1,88,13,20000000,100,470000,417029,0.8873,100,2.40e-04,40.5
2026-03-23T07:22:49,1-2-4,4,4,Z,1e-06,5e-04,5e-04,5e-04,bposd,gpu,1,176,16,20000000,100,2740000,2401466,0.8764,101,4.21e-05,555.4
2026-03-23T07:26:45,1-2-4,4,4,X,1e-06,5e-04,5e-04,5e-04,bposd,gpu,1,176,18,20000000,100,1160000,1015777,0.8757,100,9.84e-05,235.9
2026-03-23T07:28:18,1-2-4,4,4,Y,1e-06,5e-04,5e-04,5e-04,bposd,gpu,1,176,18,20000000,100,440000,375269,0.8529,104,2.77e-04,93.3
2026-03-23T08:55:08,1-2-4,5,5,Z,1e-06,5e-04,5e-04,5e-04,bposd,gpu,1,314,20,20000000,100,13910000,11864365,0.8529,100,8.43e-06,5209.2
2026-03-23T09:00:41,1-2-4,5,5,X,1e-06,5e-04,5e-04,5e-04,bposd,gpu,1,314,23,20000000,100,920000,783234,0.8513,100,1.28e-04,333.4
2026-03-23T09:05:02,1-2-4,5,5,Y,1e-06,5e-04,5e-04,5e-04,bposd,gpu,1,314,23,20000000,100,700000,573709,0.8196,100,1.74e-04,260.7
2026-03-23T11:37:11,1-2-4,6,6,Z,1e-06,5e-04,5e-04,5e-04,bposd,gpu,1,514,24,20000000,100,17180000,14483982,0.8431,100,6.90e-06,9129.2
2026-03-23T11:42:18,1-2-4,6,6,X,1e-06,5e-04,5e-04,5e-04,bposd,gpu,1,514,28,20000000,100,680000,571644,0.8407,102,1.78e-04,306.5
2026-03-23T11:45:25,1-2-4,6,6,Y,1e-06,5e-04,5e-04,5e-04,bposd,gpu,1,514,28,20000000,100,410000,328946,0.8023,101,3.07e-04,186.6
2026-03-23T16:03:52,1-2-4,7,7,Z,1e-06,5e-04,5e-04,5e-04,bposd,gpu,1,788,28,20000000,100,20000000,16527734,0.8264,80,4.84e-06,15506.8
2026-03-23T16:09:32,1-2-4,7,7,X,1e-06,5e-04,5e-04,5e-04,bposd,gpu,1,788,33,20000000,100,460000,379038,0.8240,105,2.77e-04,340.3
2026-03-23T16:14:12,1-2-4,7,7,Y,1e-06,5e-04,5e-04,5e-04,bposd,gpu,1,788,33,20000000,100,390000,302661,0.7761,101,3.34e-04,280.1
2026-03-23T16:17:00,1-3-5,3,3,Z,1e-06,5e-04,5e-04,5e-04,bposd,gpu,1,142,13,20000000,100,1050000,865867,0.8246,102,1.18e-04,167.6
2026-03-23T16:17:52,1-3-5,3,3,X,1e-06,5e-04,5e-04,5e-04,bposd,gpu,1,142,14,20000000,100,330000,272315,0.8252,103,3.78e-04,51.9
2026-03-23T16:18:28,1-3-5,3,3,Y,1e-06,5e-04,5e-04,5e-04,bposd,gpu,1,142,14,20000000,100,230000,185609,0.8070,100,5.39e-04,35.6
2026-03-23T16:29:09,1-3-5,4,4,Z,1e-06,5e-04,5e-04,5e-04,bposd,gpu,1,246,17,20000000,100,2590000,2011176,0.7765,100,4.97e-05,640.9
2026-03-23T16:29:55,1-3-5,4,4,X,1e-06,5e-04,5e-04,5e-04,bposd,gpu,1,246,19,20000000,100,190000,147501,0.7763,106,7.19e-04,46.3
2026-03-23T16:30:34,1-3-5,4,4,Y,1e-06,5e-04,5e-04,5e-04,bposd,gpu,1,246,19,20000000,100,160000,120350,0.7522,108,8.97e-04,39.5
2026-03-23T18:40:01,1-3-5,5,5,Z,1e-06,5e-04,5e-04,5e-04,bposd,gpu,1,398,21,20000000,100,20000000,14636239,0.7318,83,5.67e-06,7766.4
2026-03-23T18:40:59,1-3-5,5,5,X,1e-06,5e-04,5e-04,5e-04,bposd,gpu,1,398,24,20000000,100,150000,109849,0.7323,100,9.10e-04,58.3
2026-03-23T18:42:04,1-3-5,5,5,Y,1e-06,5e-04,5e-04,5e-04,bposd,gpu,1,398,24,20000000,100,170000,119174,0.7010,111,9.31e-04,64.1
2026-03-23T22:12:40,1-3-5,6,6,Z,1e-06,5e-04,5e-04,5e-04,bposd,gpu,1,610,25,20000000,100,20000000,13781636,0.6891,42,3.05e-06,12635.9
2026-03-23T22:13:43,1-3-5,6,6,X,1e-06,5e-04,5e-04,5e-04,bposd,gpu,1,610,29,20000000,100,110000,75832,0.6894,104,1.37e-03,63.2
2026-03-23T22:14:50,1-3-5,6,6,Y,1e-06,5e-04,5e-04,5e-04,bposd,gpu,1,610,29,20000000,100,120000,78105,0.6509,100,1.28e-03,67.3
2026-03-24T03:14:02,1-3-5,7,7,Z,1e-06,5e-04,5e-04,5e-04,bposd,gpu,1,894,29,20000000,100,20000000,12966976,0.6483,28,2.16e-06,17951.0
2026-03-24T03:15:55,1-3-5,7,7,X,1e-06,5e-04,5e-04,5e-04,bposd,gpu,1,894,34,20000000,100,100000,64875,0.6488,108,1.66e-03,113.6
2026-03-24T03:18:12,1-3-5,7,7,Y,1e-06,5e-04,5e-04,5e-04,bposd,gpu,1,894,34,20000000,100,120000,72834,0.6069,102,1.40e-03,136.5
2026-03-23T07:15:54,1-4-6,3,3,Z,1e-06,5e-04,5e-04,5e-04,bposd,gpu,1,236,14,20000000,100,1220000,856938,0.7024,101,1.18e-04,401.3
2026-03-23T07:16:18,1-4-6,3,3,X,1e-06,5e-04,5e-04,5e-04,bposd,gpu,1,236,15,20000000,100,90000,63188,0.7021,104,1.65e-03,24.1
2026-03-23T07:16:47,1-4-6,3,3,Y,1e-06,5e-04,5e-04,5e-04,bposd,gpu,1,236,15,20000000,100,110000,74727,0.6793,108,1.45e-03,29.0
2026-03-23T07:32:52,1-4-6,4,4,Z,1e-06,5e-04,5e-04,5e-04,bposd,gpu,1,371,18,20000000,100,2510000,1595544,0.6357,101,6.33e-05,964.6
2026-03-23T07:33:31,1-4-6,4,4,X,1e-06,5e-04,5e-04,5e-04,bposd,gpu,1,371,20,20000000,100,100000,63524,0.6352,115,1.81e-03,39.1
2026-03-23T07:34:05,1-4-6,4,4,Y,1e-06,5e-04,5e-04,5e-04,bposd,gpu,1,371,20,20000000,100,90000,54982,0.6109,104,1.89e-03,34.0
2026-03-23T09:45:16,1-4-6,5,5,Z,1e-06,5e-04,5e-04,5e-04,bposd,gpu,1,554,22,20000000,100,14870000,8541726,0.5744,100,1.17e-05,7870.8
2026-03-23T09:46:10,1-4-6,5,5,X,1e-06,5e-04,5e-04,5e-04,bposd,gpu,1,554,25,20000000,100,100000,57644,0.5764,110,1.91e-03,52.9
2026-03-23T09:47:01,1-4-6,5,5,Y,1e-06,5e-04,5e-04,5e-04,bposd,gpu,1,554,25,20000000,100,100000,54386,0.5439,109,2.00e-03,51.0
2026-03-23T13:51:50,1-4-6,6,6,Z,1e-06,5e-04,5e-04,5e-04,bposd,gpu,1,797,26,20000000,100,20000000,10380442,0.5190,45,4.34e-06,14689.3
2026-03-23T13:52:49,1-4-6,6,6,X,1e-06,5e-04,5e-04,5e-04,bposd,gpu,1,797,30,20000000,100,80000,41550,0.5194,115,2.77e-03,58.1
2026-03-23T13:53:36,1-4-6,6,6,Y,1e-06,5e-04,5e-04,5e-04,bposd,gpu,1,797,30,20000000,100,70000,34110,0.4873,108,3.17e-03,46.9
2026-03-23T19:07:55,1-4-6,7,7,Z,1e-06,5e-04,5e-04,5e-04,bposd,gpu,1,1112,30,20000000,100,20000000,9380821,0.4690,50,5.33e-06,18858.2
2026-03-23T19:09:11,1-4-6,7,7,X,1e-06,5e-04,5e-04,5e-04,bposd,gpu,1,1112,35,20000000,100,80000,37510,0.4689,108,2.88e-03,76.3
2026-03-23T19:10:15,1-4-6,7,7,Y,1e-06,5e-04,5e-04,5e-04,bposd,gpu,1,1112,35,20000000,100,70000,30494,0.4356,108,3.54e-03,62.7
2026-03-23T04:33:01,1-2-4,3,3,Z,1e-06,1e-03,1e-03,1e-03,mwpf,cpu,32,88,12,5000000,200,1200000,977543,0.8146,278,2.84e-04,52.1
2026-03-23T04:34:23,1-2-4,3,3,X,1e-06,1e-03,1e-03,1e-03,mwpf,cpu,32,88,13,5000000,200,1010000,823482,0.8153,309,3.75e-04,81.7
2026-03-23T04:35:38,1-2-4,3,3,Y,1e-06,1e-03,1e-03,1e-03,mwpf,cpu,32,88,13,5000000,200,680000,535364,0.7873,415,7.75e-04,75.2
2026-03-23T04:38:07,1-2-4,4,4,Z,1e-06,1e-03,1e-03,1e-03,mwpf,cpu,32,176,16,5000000,200,2440000,1875852,0.7688,235,1.25e-04,148.7
2026-03-23T04:39:16,1-2-4,4,4,X,1e-06,1e-03,1e-03,1e-03,mwpf,cpu,32,176,18,5000000,200,980000,751678,0.7670,304,4.04e-04,68.6
2026-03-23T04:40:19,1-2-4,4,4,Y,1e-06,1e-03,1e-03,1e-03,mwpf,cpu,32,176,18,5000000,200,780000,567357,0.7274,335,5.90e-04,63.1
2026-03-23T04:45:47,1-2-4,5,5,Z,1e-06,1e-03,1e-03,1e-03,mwpf,cpu,32,314,20,5000000,200,5000000,3639664,0.7279,161,4.42e-05,328.0
2026-03-23T04:47:56,1-2-4,5,5,X,1e-06,1e-03,1e-03,1e-03,mwpf,cpu,32,314,23,5000000,200,990000,717989,0.7252,295,4.11e-04,129.2
2026-03-23T04:49:45,1-2-4,5,5,Y,1e-06,1e-03,1e-03,1e-03,mwpf,cpu,32,314,23,5000000,200,840000,565558,0.6733,307,5.43e-04,108.2
2026-03-23T04:57:59,1-2-4,6,6,Z,1e-06,1e-03,1e-03,1e-03,mwpf,cpu,32,514,24,5000000,200,5000000,3557347,0.7115,149,4.19e-05,494.7
2026-03-23T05:00:05,1-2-4,6,6,X,1e-06,1e-03,1e-03,1e-03,mwpf,cpu,32,514,28,5000000,200,760000,537315,0.7070,327,6.09e-04,125.2
2026-03-23T05:02:43,1-2-4,6,6,Y,1e-06,1e-03,1e-03,1e-03,mwpf,cpu,32,514,28,5000000,200,770000,494282,0.6419,349,7.06e-04,157.8
2026-03-23T05:17:19,1-2-4,7,7,Z,1e-06,1e-03,1e-03,1e-03,mwpf,cpu,32,788,28,5000000,200,5000000,3420324,0.6841,120,3.51e-05,876.6
2026-03-23T05:20:20,1-2-4,7,7,X,1e-06,1e-03,1e-03,1e-03,mwpf,cpu,32,788,33,5000000,200,700000,475249,0.6789,375,7.89e-04,180.8
2026-03-23T05:23:41,1-2-4,7,7,Y,1e-06,1e-03,1e-03,1e-03,mwpf,cpu,32,788,33,5000000,200,680000,409763,0.6026,364,8.88e-04,200.8
2026-03-23T04:27:53,1-3-5,3,3,Z,1e-06,1e-03,1e-03,1e-03,mwpf,cpu,32,142,13,5000000,200,920000,624666,0.6790,298,4.77e-04,67.1
2026-03-23T04:29:37,1-3-5,3,3,X,1e-06,1e-03,1e-03,1e-03,mwpf,cpu,32,142,14,5000000,200,640000,434918,0.6796,381,8.76e-04,103.7
2026-03-23T04:30:55,1-3-5,3,3,Y,1e-06,1e-03,1e-03,1e-03,mwpf,cpu,32,142,14,5000000,200,500000,324704,0.6494,514,1.58e-03,78.2
2026-03-23T04:33:04,1-3-5,4,4,Z,1e-06,1e-03,1e-03,1e-03,mwpf,cpu,32,246,17,5000000,200,1610000,973701,0.6048,245,2.52e-04,128.7
2026-03-23T04:34:46,1-3-5,4,4,X,1e-06,1e-03,1e-03,1e-03,mwpf,cpu,32,246,19,5000000,200,590000,356623,0.6044,448,1.26e-03,101.7
2026-03-23T04:36:03,1-3-5,4,4,Y,1e-06,1e-03,1e-03,1e-03,mwpf,cpu,32,246,19,5000000,200,530000,300050,0.5661,495,1.65e-03,77.2
2026-03-23T04:42:29,1-3-5,5,5,Z,1e-06,1e-03,1e-03,1e-03,mwpf,cpu,32,398,21,5000000,200,4250000,2284097,0.5374,218,9.54e-05,386.5
2026-03-23T04:44:05,1-3-5,5,5,X,1e-06,1e-03,1e-03,1e-03,mwpf,cpu,32,398,24,5000000,200,540000,289244,0.5356,479,1.66e-03,95.7
2026-03-23T04:46:10,1-3-5,5,5,Y,1e-06,1e-03,1e-03,1e-03,mwpf,cpu,32,398,24,5000000,200,540000,265734,0.4921,478,1.80e-03,124.2
2026-03-23T04:56:40,1-3-5,6,6,Z,1e-06,1e-03,1e-03,1e-03,mwpf,cpu,32,610,25,5000000,200,4710000,2244606,0.4766,213,9.49e-05,629.8
2026-03-23T04:59:17,1-3-5,6,6,X,1e-06,1e-03,1e-03,1e-03,mwpf,cpu,32,610,29,5000000,200,530000,251385,0.4743,507,2.02e-03,156.8
2026-03-23T05:01:42,1-3-5,6,6,Y,1e-06,1e-03,1e-03,1e-03,mwpf,cpu,32,610,29,5000000,200,510000,218189,0.4278,531,2.43e-03,145.2
2026-03-23T05:19:33,1-3-5,7,7,Z,1e-06,1e-03,1e-03,1e-03,mwpf,cpu,32,894,29,5000000,200,5000000,2113340,0.4227,189,8.94e-05,1070.3
2026-03-23T05:23:00,1-3-5,7,7,X,1e-06,1e-03,1e-03,1e-03,mwpf,cpu,32,894,34,5000000,200,490000,206274,0.4210,555,2.69e-03,207.3
2026-03-23T05:25:11,1-3-5,7,7,Y,1e-06,1e-03,1e-03,1e-03,mwpf,cpu,32,894,34,5000000,200,490000,181496,0.3704,567,3.12e-03,130.7
2026-03-23T04:51:11,1-4-6,3,3,Z,1e-06,1e-03,1e-03,1e-03,mwpf,cpu,32,236,14,5000000,200,800000,396258,0.4953,318,8.03e-04,209.8
2026-03-23T04:53:47,1-4-6,3,3,X,1e-06,1e-03,1e-03,1e-03,mwpf,cpu,32,236,15,5000000,200,510000,251757,0.4936,550,2.18e-03,156.3
2026-03-23T04:55:59,1-4-6,3,3,Y,1e-06,1e-03,1e-03,1e-03,mwpf,cpu,32,236,15,5000000,200,440000,203372,0.4622,730,3.59e-03,131.2
2026-03-23T05:01:31,1-4-6,4,4,Z,1e-06,1e-03,1e-03,1e-03,mwpf,cpu,32,371,18,5000000,200,1500000,608120,0.4054,265,4.36e-04,332.5
2026-03-23T05:05:17,1-4-6,4,4,X,1e-06,1e-03,1e-03,1e-03,mwpf,cpu,32,371,20,5000000,200,500000,201213,0.4024,637,3.17e-03,225.8
2026-03-23T05:07:44,1-4-6,4,4,Y,1e-06,1e-03,1e-03,1e-03,mwpf,cpu,32,371,20,5000000,200,440000,163438,0.3715,721,4.41e-03,146.3
2026-03-23T05:20:30,1-4-6,5,5,Z,1e-06,1e-03,1e-03,1e-03,mwpf,cpu,32,554,22,5000000,200,2780000,925144,0.3328,233,2.52e-04,766.0
2026-03-23T05:24:06,1-4-6,5,5,X,1e-06,1e-03,1e-03,1e-03,mwpf,cpu,32,554,25,5000000,200,450000,148678,0.3304,697,4.69e-03,216.3
2026-03-23T05:26:53,1-4-6,5,5,Y,1e-06,1e-03,1e-03,1e-03,mwpf,cpu,32,554,25,5000000,200,450000,134496,0.2989,746,5.55e-03,166.3
2026-03-23T05:39:48,1-4-6,6,6,Z,1e-06,1e-03,1e-03,1e-03,mwpf,cpu,32,797,26,5000000,200,3410000,927573,0.2720,223,2.40e-04,775.5
2026-03-23T05:42:34,1-4-6,6,6,X,1e-06,1e-03,1e-03,1e-03,mwpf,cpu,32,797,30,5000000,200,440000,118729,0.2698,753,6.34e-03,165.8
2026-03-23T05:45:01,1-4-6,6,6,Y,1e-06,1e-03,1e-03,1e-03,mwpf,cpu,32,797,30,5000000,200,430000,102998,0.2395,783,7.60e-03,145.7
2026-03-23T06:03:40,1-4-6,7,7,Z,1e-06,1e-03,1e-03,1e-03,mwpf,cpu,32,1112,30,5000000,200,4480000,1000276,0.2233,219,2.19e-04,1119.4
2026-03-23T06:07:22,1-4-6,7,7,X,1e-06,1e-03,1e-03,1e-03,mwpf,cpu,32,1112,35,5000000,200,410000,90639,0.2211,804,8.87e-03,220.8
2026-03-23T06:10:21,1-4-6,7,7,Y,1e-06,1e-03,1e-03,1e-03,mwpf,cpu,32,1112,35,5000000,200,410000,78106,0.1905,789,1.01e-02,178.8
2026-03-23T03:30:42,1-2-4,3,3,Z,1e-06,2e-03,2e-03,2e-03,mwpf,cpu,32,88,12,2000000,200,570000,379473,0.6657,443,1.17e-03,114.2
2026-03-23T03:31:54,1-2-4,3,3,X,1e-06,2e-03,2e-03,2e-03,mwpf,cpu,32,88,13,2000000,200,480000,319359,0.6653,551,1.73e-03,72.2
2026-03-23T03:32:52,1-2-4,3,3,Y,1e-06,2e-03,2e-03,2e-03,mwpf,cpu,32,88,13,2000000,200,430000,267197,0.6214,788,2.95e-03,58.1
2026-03-23T03:35:47,1-2-4,4,4,Z,1e-06,2e-03,2e-03,2e-03,mwpf,cpu,32,176,16,2000000,200,820000,485751,0.5924,332,6.83e-04,174.8
2026-03-23T03:37:21,1-2-4,4,4,X,1e-06,2e-03,2e-03,2e-03,mwpf,cpu,32,176,18,2000000,200,530000,313285,0.5911,533,1.70e-03,94.2
2026-03-23T03:39:37,1-2-4,4,4,Y,1e-06,2e-03,2e-03,2e-03,mwpf,cpu,32,176,18,2000000,200,470000,249707,0.5313,667,2.67e-03,135.7
2026-03-23T03:46:20,1-2-4,5,5,Z,1e-06,2e-03,2e-03,2e-03,mwpf,cpu,32,314,20,2000000,200,1780000,945881,0.5314,237,2.51e-04,403.1
2026-03-23T03:49:21,1-2-4,5,5,X,1e-06,2e-03,2e-03,2e-03,mwpf,cpu,32,314,23,2000000,200,480000,253547,0.5282,532,2.10e-03,180.8
2026-03-23T03:51:18,1-2-4,5,5,Y,1e-06,2e-03,2e-03,2e-03,mwpf,cpu,32,314,23,2000000,200,480000,218976,0.4562,592,2.70e-03,117.2
2026-03-23T04:01:43,1-2-4,6,6,Z,1e-06,2e-03,2e-03,2e-03,mwpf,cpu,32,514,24,2000000,200,2000000,1018371,0.5092,209,2.05e-04,624.3
2026-03-23T04:04:57,1-2-4,6,6,X,1e-06,2e-03,2e-03,2e-03,mwpf,cpu,32,514,28,2000000,200,440000,221362,0.5031,656,2.96e-03,194.3
2026-03-23T04:07:46,1-2-4,6,6,Y,1e-06,2e-03,2e-03,2e-03,mwpf,cpu,32,514,28,2000000,200,480000,199258,0.4151,651,3.27e-03,169.3
2026-03-23T04:23:04,1-2-4,7,7,Z,1e-06,2e-03,2e-03,2e-03,mwpf,cpu,32,788,28,2000000,200,2000000,943619,0.4718,187,1.98e-04,917.2
2026-03-23T04:27:36,1-2-4,7,7,X,1e-06,2e-03,2e-03,2e-03,mwpf,cpu,32,788,33,2000000,200,420000,194769,0.4637,720,3.70e-03,271.9
2026-03-23T04:32:09,1-2-4,7,7,Y,1e-06,2e-03,2e-03,2e-03,mwpf,cpu,32,788,33,2000000,200,450000,164859,0.3664,681,4.13e-03,272.9
2026-03-23T03:31:10,1-3-5,3,3,Z,1e-06,2e-03,2e-03,2e-03,mwpf,cpu,32,142,13,2000000,200,500000,232432,0.4649,494,2.13e-03,142.2
2026-03-23T03:32:38,1-3-5,3,3,X,1e-06,2e-03,2e-03,2e-03,mwpf,cpu,32,142,14,2000000,200,410000,190127,0.4637,869,4.57e-03,87.7
2026-03-23T03:34:51,1-3-5,3,3,Y,1e-06,2e-03,2e-03,2e-03,mwpf,cpu,32,142,14,2000000,200,380000,161029,0.4238,1147,7.12e-03,133.7
2026-03-23T03:37:12,1-3-5,4,4,Z,1e-06,2e-03,2e-03,2e-03,mwpf,cpu,32,246,17,2000000,200,730000,270068,0.3700,345,1.28e-03,140.7
2026-03-23T03:39:55,1-3-5,4,4,X,1e-06,2e-03,2e-03,2e-03,mwpf,cpu,32,246,19,2000000,200,410000,150339,0.3667,895,5.95e-03,162.8
2026-03-23T03:42:22,1-3-5,4,4,Y,1e-06,2e-03,2e-03,2e-03,mwpf,cpu,32,246,19,2000000,200,390000,126646,0.3247,999,7.89e-03,146.7
2026-03-23T03:47:37,1-3-5,5,5,Z,1e-06,2e-03,2e-03,2e-03,mwpf,cpu,32,398,21,2000000,200,1550000,453336,0.2925,250,5.51e-04,314.9
2026-03-23T03:50:07,1-3-5,5,5,X,1e-06,2e-03,2e-03,2e-03,mwpf,cpu,32,398,24,2000000,200,390000,113387,0.2907,985,8.69e-03,150.2
2026-03-23T03:52:47,1-3-5,5,5,Y,1e-06,2e-03,2e-03,2e-03,mwpf,cpu,32,398,24,2000000,200,380000,93582,0.2463,985,1.05e-02,159.3
2026-03-23T04:02:31,1-3-5,6,6,Z,1e-06,2e-03,2e-03,2e-03,mwpf,cpu,32,610,25,2000000,200,2000000,462813,0.2314,214,4.62e-04,584.2
2026-03-23T04:05:45,1-3-5,6,6,X,1e-06,2e-03,2e-03,2e-03,mwpf,cpu,32,610,29,2000000,200,400000,92040,0.2301,1012,1.10e-02,194.3
2026-03-23T04:08:27,1-3-5,6,6,Y,1e-06,2e-03,2e-03,2e-03,mwpf,cpu,32,610,29,2000000,200,400000,74629,0.1866,1017,1.36e-02,161.3
2026-03-23T04:20:25,1-3-5,7,7,Z,1e-06,2e-03,2e-03,2e-03,mwpf,cpu,32,894,29,2000000,200,2000000,368169,0.1841,194,5.27e-04,717.4
2026-03-23T04:23:50,1-3-5,7,7,X,1e-06,2e-03,2e-03,2e-03,mwpf,cpu,32,894,34,2000000,200,380000,69212,0.1821,1083,1.56e-02,204.8
2026-03-23T04:26:46,1-3-5,7,7,Y,1e-06,2e-03,2e-03,2e-03,mwpf,cpu,32,894,34,2000000,200,400000,56291,0.1407,1013,1.80e-02,175.8
2026-03-23T03:33:09,1-4-6,3,3,Z,1e-06,2e-03,2e-03,2e-03,mwpf,cpu,32,236,14,2000000,200,530000,131325,0.2478,477,3.63e-03,261.2
2026-03-23T03:37:27,1-4-6,3,3,X,1e-06,2e-03,2e-03,2e-03,mwpf,cpu,32,236,15,2000000,200,390000,96038,0.2463,1180,1.23e-02,258.3
2026-03-23T03:40:46,1-4-6,3,3,Y,1e-06,2e-03,2e-03,2e-03,mwpf,cpu,32,236,15,2000000,200,370000,80367,0.2172,1440,1.79e-02,198.8
2026-03-23T03:46:21,1-4-6,4,4,Z,1e-06,2e-03,2e-03,2e-03,mwpf,cpu,32,371,18,2000000,200,880000,148313,0.1685,310,2.09e-03,334.5
2026-03-23T03:50:16,1-4-6,4,4,X,1e-06,2e-03,2e-03,2e-03,mwpf,cpu,32,371,20,2000000,200,370000,62113,0.1679,1223,1.97e-02,234.8
2026-03-23T03:53:50,1-4-6,4,4,Y,1e-06,2e-03,2e-03,2e-03,mwpf,cpu,32,371,20,2000000,200,370000,52586,0.1421,1308,2.49e-02,213.8
2026-03-23T04:03:33,1-4-6,5,5,Z,1e-06,2e-03,2e-03,2e-03,mwpf,cpu,32,554,22,2000000,200,1570000,180906,0.1152,259,1.43e-03,582.7
2026-03-23T04:06:59,1-4-6,5,5,X,1e-06,2e-03,2e-03,2e-03,mwpf,cpu,32,554,25,2000000,200,380000,43283,0.1139,1202,2.78e-02,205.8
2026-03-23T04:09:48,1-4-6,5,5,Y,1e-06,2e-03,2e-03,2e-03,mwpf,cpu,32,554,25,2000000,200,390000,36455,0.0935,1230,3.37e-02,168.8
2026-03-23T04:21:38,1-4-6,6,6,Z,1e-06,2e-03,2e-03,2e-03,mwpf,cpu,32,797,26,2000000,200,2000000,158885,0.0794,218,1.37e-03,710.0
2026-03-23T04:25:12,1-4-6,6,6,X,1e-06,2e-03,2e-03,2e-03,mwpf,cpu,32,797,30,2000000,200,380000,30069,0.0791,1280,4.26e-02,213.8
2026-03-23T04:27:55,1-4-6,6,6,Y,1e-06,2e-03,2e-03,2e-03,mwpf,cpu,32,797,30,2000000,200,390000,23971,0.0615,1259,5.25e-02,162.2
2026-03-23T04:40:05,1-4-6,7,7,Z,1e-06,2e-03,2e-03,2e-03,mwpf,cpu,32,1112,30,2000000,200,2000000,110748,0.0554,158,1.43e-03,730.4
2026-03-23T04:44:10,1-4-6,7,7,X,1e-06,2e-03,2e-03,2e-03,mwpf,cpu,32,1112,35,2000000,200,380000,20639,0.0543,1251,6.06e-02,243.9
2026-03-23T04:47:41,1-4-6,7,7,Y,1e-06,2e-03,2e-03,2e-03,mwpf,cpu,32,1112,35,2000000,200,390000,15952,0.0409,1147,7.19e-02,210.3
2026-03-23T04:53:22,1-2-4,3,3,Z,1e-06,5e-04,5e-04,5e-04,mwpf,cpu,32,88,12,20000000,100,1980000,1787179,0.9026,112,6.27e-05,54.2
2026-03-23T04:54:41,1-2-4,3,3,X,1e-06,5e-04,5e-04,5e-04,mwpf,cpu,32,88,13,20000000,100,1570000,1416958,0.9025,130,9.17e-05,79.2
2026-03-23T04:55:30,1-2-4,3,3,Y,1e-06,5e-04,5e-04,5e-04,mwpf,cpu,32,88,13,20000000,100,930000,825052,0.8872,150,1.82e-04,48.2
2026-03-23T04:57:13,1-2-4,4,4,Z,1e-06,5e-04,5e-04,5e-04,mwpf,cpu,32,176,16,20000000,100,3750000,3287328,0.8766,110,3.35e-05,103.2
2026-03-23T04:58:50,1-2-4,4,4,X,1e-06,5e-04,5e-04,5e-04,mwpf,cpu,32,176,18,20000000,100,1720000,1505973,0.8756,129,8.57e-05,97.2
2026-03-23T05:00:31,1-2-4,4,4,Y,1e-06,5e-04,5e-04,5e-04,mwpf,cpu,32,176,18,20000000,100,1210000,1031112,0.8522,135,1.31e-04,100.7
2026-03-23T05:06:21,1-2-4,5,5,Z,1e-06,5e-04,5e-04,5e-04,mwpf,cpu,32,314,20,20000000,100,12430000,10601601,0.8529,104,9.81e-06,350.5
2026-03-23T05:07:47,1-2-4,5,5,X,1e-06,5e-04,5e-04,5e-04,mwpf,cpu,32,314,23,20000000,100,1620000,1379248,0.8514,120,8.70e-05,85.2
2026-03-23T05:09:33,1-2-4,5,5,Y,1e-06,5e-04,5e-04,5e-04,mwpf,cpu,32,314,23,20000000,100,1080000,886123,0.8205,134,1.51e-04,106.7
2026-03-23T05:19:53,1-2-4,6,6,Z,1e-06,5e-04,5e-04,5e-04,mwpf,cpu,32,514,24,20000000,100,14590000,12299620,0.8430,105,8.54e-06,619.3
2026-03-23T05:22:33,1-2-4,6,6,X,1e-06,5e-04,5e-04,5e-04,mwpf,cpu,32,514,28,20000000,100,1180000,992215,0.8409,139,1.40e-04,159.7
2026-03-23T05:24:15,1-2-4,6,6,Y,1e-06,5e-04,5e-04,5e-04,mwpf,cpu,32,514,28,20000000,100,1160000,928674,0.8006,146,1.57e-04,101.7
2026-03-23T05:37:03,1-2-4,7,7,Z,1e-06,5e-04,5e-04,5e-04,mwpf,cpu,32,788,28,20000000,100,14930000,12338166,0.8264,101,8.19e-06,768.5
2026-03-23T05:38:41,1-2-4,7,7,X,1e-06,5e-04,5e-04,5e-04,mwpf,cpu,32,788,33,20000000,100,1110000,913203,0.8227,143,1.57e-04,97.7
2026-03-23T05:40:04,1-2-4,7,7,Y,1e-06,5e-04,5e-04,5e-04,mwpf,cpu,32,788,33,20000000,100,920000,714538,0.7767,162,2.27e-04,82.7
2026-03-23T05:57:33,1-3-5,3,3,Z,1e-06,5e-04,5e-04,5e-04,mwpf,cpu,32,142,13,20000000,100,1390000,1145287,0.8239,139,1.21e-04,86.2
2026-03-23T05:58:26,1-3-5,3,3,X,1e-06,5e-04,5e-04,5e-04,mwpf,cpu,32,142,14,20000000,100,960000,790871,0.8238,167,2.11e-04,52.6
2026-03-23T05:59:47,1-3-5,3,3,Y,1e-06,5e-04,5e-04,5e-04,mwpf,cpu,32,142,14,20000000,100,640000,515967,0.8062,218,4.23e-04,81.2
2026-03-23T06:01:24,1-3-5,4,4,Z,1e-06,5e-04,5e-04,5e-04,mwpf,cpu,32,246,17,20000000,100,2450000,1904587,0.7774,115,6.04e-05,96.7
2026-03-23T06:02:25,1-3-5,4,4,X,1e-06,5e-04,5e-04,5e-04,mwpf,cpu,32,246,19,20000000,100,800000,621549,0.7769,163,2.62e-04,60.6
2026-03-23T06:03:22,1-3-5,4,4,Y,1e-06,5e-04,5e-04,5e-04,mwpf,cpu,32,246,19,20000000,100,730000,548628,0.7515,164,2.99e-04,57.1
2026-03-23T06:08:21,1-3-5,5,5,Z,1e-06,5e-04,5e-04,5e-04,mwpf,cpu,32,398,21,20000000,100,7550000,5525895,0.7319,106,1.92e-05,299.4
2026-03-23T06:09:21,1-3-5,5,5,X,1e-06,5e-04,5e-04,5e-04,mwpf,cpu,32,398,24,20000000,100,660000,482660,0.7313,167,3.46e-04,59.1
2026-03-23T06:10:33,1-3-5,5,5,Y,1e-06,5e-04,5e-04,5e-04,mwpf,cpu,32,398,24,20000000,100,650000,454906,0.6999,199,4.37e-04,72.7
2026-03-23T06:17:49,1-3-5,6,6,Z,1e-06,5e-04,5e-04,5e-04,mwpf,cpu,32,610,25,20000000,100,8350000,5754201,0.6891,105,1.82e-05,435.6
2026-03-23T06:18:56,1-3-5,6,6,X,1e-06,5e-04,5e-04,5e-04,mwpf,cpu,32,610,29,20000000,100,610000,419088,0.6870,203,4.84e-04,66.6
2026-03-23T06:20:05,1-3-5,6,6,Y,1e-06,5e-04,5e-04,5e-04,mwpf,cpu,32,610,29,20000000,100,600000,391295,0.6522,218,5.57e-04,69.1
2026-03-23T06:31:11,1-3-5,7,7,Z,1e-06,5e-04,5e-04,5e-04,mwpf,cpu,32,894,29,20000000,100,9060000,5874706,0.6484,105,1.79e-05,665.2
2026-03-23T06:32:35,1-3-5,7,7,X,1e-06,5e-04,5e-04,5e-04,mwpf,cpu,32,894,34,20000000,100,550000,355398,0.6462,235,6.61e-04,84.7
2026-03-23T06:34:09,1-3-5,7,7,Y,1e-06,5e-04,5e-04,5e-04,mwpf,cpu,32,894,34,20000000,100,590000,357898,0.6066,246,6.87e-04,93.7
2026-03-23T05:58:46,1-4-6,3,3,Z,1e-06,5e-04,5e-04,5e-04,mwpf,cpu,32,236,14,20000000,100,1250000,878239,0.7026,150,1.71e-04,158.8
2026-03-23T06:00:33,1-4-6,3,3,X,1e-06,5e-04,5e-04,5e-04,mwpf,cpu,32,236,15,20000000,100,650000,455994,0.7015,194,4.25e-04,106.7
2026-03-23T06:01:58,1-4-6,3,3,Y,1e-06,5e-04,5e-04,5e-04,mwpf,cpu,32,236,15,20000000,100,500000,339487,0.6790,280,8.25e-04,84.7
2026-03-23T06:05:39,1-4-6,4,4,Z,1e-06,5e-04,5e-04,5e-04,mwpf,cpu,32,371,18,20000000,100,2050000,1303376,0.6358,119,9.13e-05,221.3
2026-03-23T06:07:17,1-4-6,4,4,X,1e-06,5e-04,5e-04,5e-04,mwpf,cpu,32,371,20,20000000,100,570000,361784,0.6347,226,6.25e-04,97.7
2026-03-23T06:09:05,1-4-6,4,4,Y,1e-06,5e-04,5e-04,5e-04,mwpf,cpu,32,371,20,20000000,100,510000,309921,0.6077,271,8.74e-04,108.2
2026-03-23T06:15:04,1-4-6,5,5,Z,1e-06,5e-04,5e-04,5e-04,mwpf,cpu,32,554,22,20000000,100,3160000,1815348,0.5745,111,6.11e-05,359.0
2026-03-23T06:16:50,1-4-6,5,5,X,1e-06,5e-04,5e-04,5e-04,mwpf,cpu,32,554,25,20000000,100,530000,303639,0.5729,231,7.61e-04,105.2
2026-03-23T06:18:20,1-4-6,5,5,Y,1e-06,5e-04,5e-04,5e-04,mwpf,cpu,32,554,25,20000000,100,490000,266674,0.5442,299,1.12e-03,89.7
2026-03-23T06:26:35,1-4-6,6,6,Z,1e-06,5e-04,5e-04,5e-04,mwpf,cpu,32,797,26,20000000,100,3980000,2067510,0.5195,110,5.32e-05,495.1
2026-03-23T06:28:33,1-4-6,6,6,X,1e-06,5e-04,5e-04,5e-04,mwpf,cpu,32,797,30,20000000,100,470000,243554,0.5182,301,1.24e-03,117.7
2026-03-23T06:30:14,1-4-6,6,6,Y,1e-06,5e-04,5e-04,5e-04,mwpf,cpu,32,797,30,20000000,100,470000,228043,0.4852,321,1.41e-03,101.2
2026-03-23T06:40:03,1-4-6,7,7,Z,1e-06,5e-04,5e-04,5e-04,mwpf,cpu,32,1112,30,20000000,100,4240000,1988512,0.4690,111,5.58e-05,588.3
2026-03-23T06:42:17,1-4-6,7,7,X,1e-06,5e-04,5e-04,5e-04,mwpf,cpu,32,1112,35,20000000,100,460000,214729,0.4668,305,1.42e-03,133.2
2026-03-23T06:44:10,1-4-6,7,7,Y,1e-06,5e-04,5e-04,5e-04,mwpf,cpu,32,1112,35,20000000,100,450000,194694,0.4327,358,1.84e-03,112.7
