n,schedule,basis,rounds,idle,cnot_depth,undetected_single_fault_signatures,circuit_fault_distance
6,dedicated,X,1,False,8,0,2
6,dedicated,X,1,True,8,0,2
6,dedicated,X,2,False,8,0,2
6,dedicated,X,2,True,8,0,2
6,dedicated,X,3,False,8,0,2
6,dedicated,X,3,True,8,0,2
6,dedicated,Z,1,False,8,0,2
6,dedicated,Z,1,True,8,0,2
6,dedicated,Z,2,False,8,0,2
6,dedicated,Z,2,True,8,0,2
6,dedicated,Z,3,False,8,0,2
6,dedicated,Z,3,True,8,0,2
6,coloration,X,1,False,8,0,2
6,coloration,X,1,True,8,0,2
6,coloration,X,2,False,8,0,2
6,coloration,X,2,True,8,0,2
6,coloration,X,3,False,8,0,2
6,coloration,X,3,True,8,0,2
6,coloration,Z,1,False,8,0,2
6,coloration,Z,1,True,8,0,2
6,coloration,Z,2,False,8,0,2
6,coloration,Z,2,True,8,0,2
6,coloration,Z,3,False,8,0,2
6,coloration,Z,3,True,8,0,2
8,dedicated,X,1,False,10,0,2
8,dedicated,X,1,True,10,0,2
8,dedicated,X,2,False,10,0,2
8,dedicated,X,2,True,10,0,2
8,dedicated,X,3,False,10,0,2
8,dedicated,X,3,True,10,0,2
8,dedicated,Z,1,False,10,0,2
8,dedicated,Z,1,True,10,0,2
8,dedicated,Z,2,False,10,0,2
8,dedicated,Z,2,True,10,0,2
8,dedicated,Z,3,False,10,0,2
8,dedicated,Z,3,True,10,0,2
8,coloration,X,1,False,12,1,1
8,coloration,X,1,True,12,1,1
8,coloration,X,2,False,12,1,1
8,coloration,X,2,True,12,1,1
8,coloration,X,3,False,12,1,1
8,coloration,X,3,True,12,1,1
8,coloration,Z,1,False,12,1,1
8,coloration,Z,1,True,12,1,1
8,coloration,Z,2,False,12,1,1
8,coloration,Z,2,True,12,1,1
8,coloration,Z,3,False,12,1,1
8,coloration,Z,3,True,12,1,1
10,dedicated,X,1,False,12,0,2
10,dedicated,X,1,True,12,0,2
10,dedicated,X,2,False,12,0,2
10,dedicated,X,2,True,12,0,2
10,dedicated,X,3,False,12,0,2
10,dedicated,X,3,True,12,0,2
10,dedicated,Z,1,False,12,0,2
10,dedicated,Z,1,True,12,0,2
10,dedicated,Z,2,False,12,0,2
10,dedicated,Z,2,True,12,0,2
10,dedicated,Z,3,False,12,0,2
10,dedicated,Z,3,True,12,0,2
10,coloration,X,1,False,16,2,1
10,coloration,X,1,True,16,2,1
10,coloration,X,2,False,16,2,1
10,coloration,X,2,True,16,2,1
10,coloration,X,3,False,16,2,1
10,coloration,X,3,True,16,2,1
10,coloration,Z,1,False,16,2,1
10,coloration,Z,1,True,16,2,1
10,coloration,Z,2,False,16,2,1
10,coloration,Z,2,True,16,2,1
10,coloration,Z,3,False,16,2,1
10,coloration,Z,3,True,16,2,1
12,dedicated,X,1,False,14,0,2
12,dedicated,X,1,True,14,0,2
12,dedicated,X,2,False,14,0,2
12,dedicated,X,2,True,14,0,2
12,dedicated,X,3,False,14,0,2
12,dedicated,X,3,True,14,0,2
12,dedicated,Z,1,False,14,0,2
12,dedicated,Z,1,True,14,0,2
12,dedicated,Z,2,False,14,0,2
12,dedicated,Z,2,True,14,0,2
12,dedicated,Z,3,False,14,0,2
12,dedicated,Z,3,True,14,0,2
12,coloration,X,1,False,20,3,1
12,coloration,X,1,True,20,3,1
12,coloration,X,2,False,20,3,1
12,coloration,X,2,True,20,3,1
12,coloration,X,3,False,20,3,1
12,coloration,X,3,True,20,3,1
12,coloration,Z,1,False,20,3,1
12,coloration,Z,1,True,20,3,1
12,coloration,Z,2,False,20,3,1
12,coloration,Z,2,True,20,3,1
12,coloration,Z,3,False,20,3,1
12,coloration,Z,3,True,20,3,1
14,dedicated,X,1,False,16,0,2
14,dedicated,X,1,True,16,0,2
14,dedicated,X,2,False,16,0,2
14,dedicated,X,2,True,16,0,2
14,dedicated,X,3,False,16,0,2
14,dedicated,X,3,True,16,0,2
14,dedicated,Z,1,False,16,0,2
14,dedicated,Z,1,True,16,0,2
14,dedicated,Z,2,False,16,0,2
14,dedicated,Z,2,True,16,0,2
14,dedicated,Z,3,False,16,0,2
14,dedicated,Z,3,True,16,0,2
14,coloration,X,1,False,24,4,1
14,coloration,X,1,True,24,4,1
14,coloration,X,2,False,24,4,1
14,coloration,X,2,True,24,4,1
14,coloration,X,3,False,24,4,1
14,coloration,X,3,True,24,4,1
14,coloration,Z,1,False,24,4,1
14,coloration,Z,1,True,24,4,1
14,coloration,Z,2,False,24,4,1
14,coloration,Z,2,True,24,4,1
14,coloration,Z,3,False,24,4,1
14,coloration,Z,3,True,24,4,1
16,dedicated,X,1,False,18,0,2
16,dedicated,X,1,True,18,0,2
16,dedicated,X,2,False,18,0,2
16,dedicated,X,2,True,18,0,2
16,dedicated,X,3,False,18,0,2
16,dedicated,X,3,True,18,0,2
16,dedicated,Z,1,False,18,0,2
16,dedicated,Z,1,True,18,0,2
16,dedicated,Z,2,False,18,0,2
16,dedicated,Z,2,True,18,0,2
16,dedicated,Z,3,False,18,0,2
16,dedicated,Z,3,True,18,0,2
16,coloration,X,1,False,28,5,1
16,coloration,X,1,True,28,5,1
16,coloration,X,2,False,28,5,1
16,coloration,X,2,True,28,5,1
16,coloration,X,3,False,28,5,1
16,coloration,X,3,True,28,5,1
16,coloration,Z,1,False,28,5,1
16,coloration,Z,1,True,28,5,1
16,coloration,Z,2,False,28,5,1
16,coloration,Z,2,True,28,5,1
16,coloration,Z,3,False,28,5,1
16,coloration,Z,3,True,28,5,1
18,dedicated,X,1,False,20,0,2
18,dedicated,X,1,True,20,0,2
18,dedicated,X,2,False,20,0,2
18,dedicated,X,2,True,20,0,2
18,dedicated,X,3,False,20,0,2
18,dedicated,X,3,True,20,0,2
18,dedicated,Z,1,False,20,0,2
18,dedicated,Z,1,True,20,0,2
18,dedicated,Z,2,False,20,0,2
18,dedicated,Z,2,True,20,0,2
18,dedicated,Z,3,False,20,0,2
18,dedicated,Z,3,True,20,0,2
18,coloration,X,1,False,32,6,1
18,coloration,X,1,True,32,6,1
18,coloration,X,2,False,32,6,1
18,coloration,X,2,True,32,6,1
18,coloration,X,3,False,32,6,1
18,coloration,X,3,True,32,6,1
18,coloration,Z,1,False,32,6,1
18,coloration,Z,1,True,32,6,1
18,coloration,Z,2,False,32,6,1
18,coloration,Z,2,True,32,6,1
18,coloration,Z,3,False,32,6,1
18,coloration,Z,3,True,32,6,1
20,dedicated,X,1,False,22,0,2
20,dedicated,X,1,True,22,0,2
20,dedicated,X,2,False,22,0,2
20,dedicated,X,2,True,22,0,2
20,dedicated,X,3,False,22,0,2
20,dedicated,X,3,True,22,0,2
20,dedicated,Z,1,False,22,0,2
20,dedicated,Z,1,True,22,0,2
20,dedicated,Z,2,False,22,0,2
20,dedicated,Z,2,True,22,0,2
20,dedicated,Z,3,False,22,0,2
20,dedicated,Z,3,True,22,0,2
20,coloration,X,1,False,36,7,1
20,coloration,X,1,True,36,7,1
20,coloration,X,2,False,36,7,1
20,coloration,X,2,True,36,7,1
20,coloration,X,3,False,36,7,1
20,coloration,X,3,True,36,7,1
20,coloration,Z,1,False,36,7,1
20,coloration,Z,1,True,36,7,1
20,coloration,Z,2,False,36,7,1
20,coloration,Z,2,True,36,7,1
20,coloration,Z,3,False,36,7,1
20,coloration,Z,3,True,36,7,1
22,dedicated,X,1,False,24,0,2
22,dedicated,X,1,True,24,0,2
22,dedicated,X,2,False,24,0,2
22,dedicated,X,2,True,24,0,2
22,dedicated,X,3,False,24,0,2
22,dedicated,X,3,True,24,0,2
22,dedicated,Z,1,False,24,0,2
22,dedicated,Z,1,True,24,0,2
22,dedicated,Z,2,False,24,0,2
22,dedicated,Z,2,True,24,0,2
22,dedicated,Z,3,False,24,0,2
22,dedicated,Z,3,True,24,0,2
22,coloration,X,1,False,40,8,1
22,coloration,X,1,True,40,8,1
22,coloration,X,2,False,40,8,1
22,coloration,X,2,True,40,8,1
22,coloration,X,3,False,40,8,1
22,coloration,X,3,True,40,8,1
22,coloration,Z,1,False,40,8,1
22,coloration,Z,1,True,40,8,1
22,coloration,Z,2,False,40,8,1
22,coloration,Z,2,True,40,8,1
22,coloration,Z,3,False,40,8,1
22,coloration,Z,3,True,40,8,1
24,dedicated,X,1,False,26,0,2
24,dedicated,X,1,True,26,0,2
24,dedicated,X,2,False,26,0,2
24,dedicated,X,2,True,26,0,2
24,dedicated,X,3,False,26,0,2
24,dedicated,X,3,True,26,0,2
24,dedicated,Z,1,False,26,0,2
24,dedicated,Z,1,True,26,0,2
24,dedicated,Z,2,False,26,0,2
24,dedicated,Z,2,True,26,0,2
24,dedicated,Z,3,False,26,0,2
24,dedicated,Z,3,True,26,0,2
24,coloration,X,1,False,44,9,1
24,coloration,X,1,True,44,9,1
24,coloration,X,2,False,44,9,1
24,coloration,X,2,True,44,9,1
24,coloration,X,3,False,44,9,1
24,coloration,X,3,True,44,9,1
24,coloration,Z,1,False,44,9,1
24,coloration,Z,1,True,44,9,1
24,coloration,Z,2,False,44,9,1
24,coloration,Z,2,True,44,9,1
24,coloration,Z,3,False,44,9,1
24,coloration,Z,3,True,44,9,1
26,dedicated,X,1,False,28,0,2
26,dedicated,X,1,True,28,0,2
26,dedicated,X,2,False,28,0,2
26,dedicated,X,2,True,28,0,2
26,dedicated,X,3,False,28,0,2
26,dedicated,X,3,True,28,0,2
26,dedicated,Z,1,False,28,0,2
26,dedicated,Z,1,True,28,0,2
26,dedicated,Z,2,False,28,0,2
26,dedicated,Z,2,True,28,0,2
26,dedicated,Z,3,False,28,0,2
26,dedicated,Z,3,True,28,0,2
26,coloration,X,1,False,48,10,1
26,coloration,X,1,True,48,10,1
26,coloration,X,2,False,48,10,1
26,coloration,X,2,True,48,10,1
26,coloration,X,3,False,48,10,1
26,coloration,X,3,True,48,10,1
26,coloration,Z,1,False,48,10,1
26,coloration,Z,1,True,48,10,1
26,coloration,Z,2,False,48,10,1
26,coloration,Z,2,True,48,10,1
26,coloration,Z,3,False,48,10,1
26,coloration,Z,3,True,48,10,1
28,dedicated,X,1,False,30,0,2
28,dedicated,X,1,True,30,0,2
28,dedicated,X,2,False,30,0,2
28,dedicated,X,2,True,30,0,2
28,dedicated,X,3,False,30,0,2
28,dedicated,X,3,True,30,0,2
28,dedicated,Z,1,False,30,0,2
28,dedicated,Z,1,True,30,0,2
28,dedicated,Z,2,False,30,0,2
28,dedicated,Z,2,True,30,0,2
28,dedicated,Z,3,False,30,0,2
28,dedicated,Z,3,True,30,0,2
28,coloration,X,1,False,52,11,1
28,coloration,X,1,True,52,11,1
28,coloration,X,2,False,52,11,1
28,coloration,X,2,True,52,11,1
28,coloration,X,3,False,52,11,1
28,coloration,X,3,True,52,11,1
28,coloration,Z,1,False,52,11,1
28,coloration,Z,1,True,52,11,1
28,coloration,Z,2,False,52,11,1
28,coloration,Z,2,True,52,11,1
28,coloration,Z,3,False,52,11,1
28,coloration,Z,3,True,52,11,1
30,dedicated,X,1,False,32,0,2
30,dedicated,X,1,True,32,0,2
30,dedicated,X,2,False,32,0,2
30,dedicated,X,2,True,32,0,2
30,dedicated,X,3,False,32,0,2
30,dedicated,X,3,True,32,0,2
30,dedicated,Z,1,False,32,0,2
30,dedicated,Z,1,True,32,0,2
30,dedicated,Z,2,False,32,0,2
30,dedicated,Z,2,True,32,0,2
30,dedicated,Z,3,False,32,0,2
30,dedicated,Z,3,True,32,0,2
30,coloration,X,1,False,56,12,1
30,coloration,X,1,True,56,12,1
30,coloration,X,2,False,56,12,1
30,coloration,X,2,True,56,12,1
30,coloration,X,3,False,56,12,1
30,coloration,X,3,True,56,12,1
30,coloration,Z,1,False,56,12,1
30,coloration,Z,1,True,56,12,1
30,coloration,Z,2,False,56,12,1
30,coloration,Z,2,True,56,12,1
30,coloration,Z,3,False,56,12,1
30,coloration,Z,3,True,56,12,1
32,dedicated,X,1,False,34,0,2
32,dedicated,X,1,True,34,0,2
32,dedicated,X,2,False,34,0,2
32,dedicated,X,2,True,34,0,2
32,dedicated,X,3,False,34,0,2
32,dedicated,X,3,True,34,0,2
32,dedicated,Z,1,False,34,0,2
32,dedicated,Z,1,True,34,0,2
32,dedicated,Z,2,False,34,0,2
32,dedicated,Z,2,True,34,0,2
32,dedicated,Z,3,False,34,0,2
32,dedicated,Z,3,True,34,0,2
32,coloration,X,1,False,60,13,1
32,coloration,X,1,True,60,13,1
32,coloration,X,2,False,60,13,1
32,coloration,X,2,True,60,13,1
32,coloration,X,3,False,60,13,1
32,coloration,X,3,True,60,13,1
32,coloration,Z,1,False,60,13,1
32,coloration,Z,1,True,60,13,1
32,coloration,Z,2,False,60,13,1
32,coloration,Z,2,True,60,13,1
32,coloration,Z,3,False,60,13,1
32,coloration,Z,3,True,60,13,1
34,dedicated,X,1,False,36,0,2
34,dedicated,X,1,True,36,0,2
34,dedicated,X,2,False,36,0,2
34,dedicated,X,2,True,36,0,2
34,dedicated,X,3,False,36,0,2
34,dedicated,X,3,True,36,0,2
34,dedicated,Z,1,False,36,0,2
34,dedicated,Z,1,True,36,0,2
34,dedicated,Z,2,False,36,0,2
34,dedicated,Z,2,True,36,0,2
34,dedicated,Z,3,False,36,0,2
34,dedicated,Z,3,True,36,0,2
34,coloration,X,1,False,64,14,1
34,coloration,X,1,True,64,14,1
34,coloration,X,2,False,64,14,1
34,coloration,X,2,True,64,14,1
34,coloration,X,3,False,64,14,1
34,coloration,X,3,True,64,14,1
34,coloration,Z,1,False,64,14,1
34,coloration,Z,1,True,64,14,1
34,coloration,Z,2,False,64,14,1
34,coloration,Z,2,True,64,14,1
34,coloration,Z,3,False,64,14,1
34,coloration,Z,3,True,64,14,1
36,dedicated,X,1,False,38,0,2
36,dedicated,X,1,True,38,0,2
36,dedicated,X,2,False,38,0,2
36,dedicated,X,2,True,38,0,2
36,dedicated,X,3,False,38,0,2
36,dedicated,X,3,True,38,0,2
36,dedicated,Z,1,False,38,0,2
36,dedicated,Z,1,True,38,0,2
36,dedicated,Z,2,False,38,0,2
36,dedicated,Z,2,True,38,0,2
36,dedicated,Z,3,False,38,0,2
36,dedicated,Z,3,True,38,0,2
36,coloration,X,1,False,68,15,1
36,coloration,X,1,True,68,15,1
36,coloration,X,2,False,68,15,1
36,coloration,X,2,True,68,15,1
36,coloration,X,3,False,68,15,1
36,coloration,X,3,True,68,15,1
36,coloration,Z,1,False,68,15,1
36,coloration,Z,1,True,68,15,1
36,coloration,Z,2,False,68,15,1
36,coloration,Z,2,True,68,15,1
36,coloration,Z,3,False,68,15,1
36,coloration,Z,3,True,68,15,1
38,dedicated,X,1,False,40,0,2
38,dedicated,X,1,True,40,0,2
38,dedicated,X,2,False,40,0,2
38,dedicated,X,2,True,40,0,2
38,dedicated,X,3,False,40,0,2
38,dedicated,X,3,True,40,0,2
38,dedicated,Z,1,False,40,0,2
38,dedicated,Z,1,True,40,0,2
38,dedicated,Z,2,False,40,0,2
38,dedicated,Z,2,True,40,0,2
38,dedicated,Z,3,False,40,0,2
38,dedicated,Z,3,True,40,0,2
38,coloration,X,1,False,72,16,1
38,coloration,X,1,True,72,16,1
38,coloration,X,2,False,72,16,1
38,coloration,X,2,True,72,16,1
38,coloration,X,3,False,72,16,1
38,coloration,X,3,True,72,16,1
38,coloration,Z,1,False,72,16,1
38,coloration,Z,1,True,72,16,1
38,coloration,Z,2,False,72,16,1
38,coloration,Z,2,True,72,16,1
38,coloration,Z,3,False,72,16,1
38,coloration,Z,3,True,72,16,1
40,dedicated,X,1,False,42,0,2
40,dedicated,X,1,True,42,0,2
40,dedicated,X,2,False,42,0,2
40,dedicated,X,2,True,42,0,2
40,dedicated,X,3,False,42,0,2
40,dedicated,X,3,True,42,0,2
40,dedicated,Z,1,False,42,0,2
40,dedicated,Z,1,True,42,0,2
40,dedicated,Z,2,False,42,0,2
40,dedicated,Z,2,True,42,0,2
40,dedicated,Z,3,False,42,0,2
40,dedicated,Z,3,True,42,0,2
40,coloration,X,1,False,76,17,1
40,coloration,X,1,True,76,17,1
40,coloration,X,2,False,76,17,1
40,coloration,X,2,True,76,17,1
40,coloration,X,3,False,76,17,1
40,coloration,X,3,True,76,17,1
40,coloration,Z,1,False,76,17,1
40,coloration,Z,1,True,76,17,1
40,coloration,Z,2,False,76,17,1
40,coloration,Z,2,True,76,17,1
40,coloration,Z,3,False,76,17,1
40,coloration,Z,3,True,76,17,1
42,dedicated,X,1,False,44,0,2
42,dedicated,X,1,True,44,0,2
42,dedicated,X,2,False,44,0,2
42,dedicated,X,2,True,44,0,2
42,dedicated,X,3,False,44,0,2
42,dedicated,X,3,True,44,0,2
42,dedicated,Z,1,False,44,0,2
42,dedicated,Z,1,True,44,0,2
42,dedicated,Z,2,False,44,0,2
42,dedicated,Z,2,True,44,0,2
42,dedicated,Z,3,False,44,0,2
42,dedicated,Z,3,True,44,0,2
42,coloration,X,1,False,80,18,1
42,coloration,X,1,True,80,18,1
42,coloration,X,2,False,80,18,1
42,coloration,X,2,True,80,18,1
42,coloration,X,3,False,80,18,1
42,coloration,X,3,True,80,18,1
42,coloration,Z,1,False,80,18,1
42,coloration,Z,1,True,80,18,1
42,coloration,Z,2,False,80,18,1
42,coloration,Z,2,True,80,18,1
42,coloration,Z,3,False,80,18,1
42,coloration,Z,3,True,80,18,1
44,dedicated,X,1,False,46,0,2
44,dedicated,X,1,True,46,0,2
44,dedicated,X,2,False,46,0,2
44,dedicated,X,2,True,46,0,2
44,dedicated,X,3,False,46,0,2
44,dedicated,X,3,True,46,0,2
44,dedicated,Z,1,False,46,0,2
44,dedicated,Z,1,True,46,0,2
44,dedicated,Z,2,False,46,0,2
44,dedicated,Z,2,True,46,0,2
44,dedicated,Z,3,False,46,0,2
44,dedicated,Z,3,True,46,0,2
44,coloration,X,1,False,84,19,1
44,coloration,X,1,True,84,19,1
44,coloration,X,2,False,84,19,1
44,coloration,X,2,True,84,19,1
44,coloration,X,3,False,84,19,1
44,coloration,X,3,True,84,19,1
44,coloration,Z,1,False,84,19,1
44,coloration,Z,1,True,84,19,1
44,coloration,Z,2,False,84,19,1
44,coloration,Z,2,True,84,19,1
44,coloration,Z,3,False,84,19,1
44,coloration,Z,3,True,84,19,1
46,dedicated,X,1,False,48,0,2
46,dedicated,X,1,True,48,0,2
46,dedicated,X,2,False,48,0,2
46,dedicated,X,2,True,48,0,2
46,dedicated,X,3,False,48,0,2
46,dedicated,X,3,True,48,0,2
46,dedicated,Z,1,False,48,0,2
46,dedicated,Z,1,True,48,0,2
46,dedicated,Z,2,False,48,0,2
46,dedicated,Z,2,True,48,0,2
46,dedicated,Z,3,False,48,0,2
46,dedicated,Z,3,True,48,0,2
46,coloration,X,1,False,88,20,1
46,coloration,X,1,True,88,20,1
46,coloration,X,2,False,88,20,1
46,coloration,X,2,True,88,20,1
46,coloration,X,3,False,88,20,1
46,coloration,X,3,True,88,20,1
46,coloration,Z,1,False,88,20,1
46,coloration,Z,1,True,88,20,1
46,coloration,Z,2,False,88,20,1
46,coloration,Z,2,True,88,20,1
46,coloration,Z,3,False,88,20,1
46,coloration,Z,3,True,88,20,1
48,dedicated,X,1,False,50,0,2
48,dedicated,X,1,True,50,0,2
48,dedicated,X,2,False,50,0,2
48,dedicated,X,2,True,50,0,2
48,dedicated,X,3,False,50,0,2
48,dedicated,X,3,True,50,0,2
48,dedicated,Z,1,False,50,0,2
48,dedicated,Z,1,True,50,0,2
48,dedicated,Z,2,False,50,0,2
48,dedicated,Z,2,True,50,0,2
48,dedicated,Z,3,False,50,0,2
48,dedicated,Z,3,True,50,0,2
48,coloration,X,1,False,92,21,1
48,coloration,X,1,True,92,21,1
48,coloration,X,2,False,92,21,1
48,coloration,X,2,True,92,21,1
48,coloration,X,3,False,92,21,1
48,coloration,X,3,True,92,21,1
48,coloration,Z,1,False,92,21,1
48,coloration,Z,1,True,92,21,1
48,coloration,Z,2,False,92,21,1
48,coloration,Z,2,True,92,21,1
48,coloration,Z,3,False,92,21,1
48,coloration,Z,3,True,92,21,1
50,dedicated,X,1,False,52,0,2
50,dedicated,X,1,True,52,0,2
50,dedicated,X,2,False,52,0,2
50,dedicated,X,2,True,52,0,2
50,dedicated,X,3,False,52,0,2
50,dedicated,X,3,True,52,0,2
50,dedicated,Z,1,False,52,0,2
50,dedicated,Z,1,True,52,0,2
50,dedicated,Z,2,False,52,0,2
50,dedicated,Z,2,True,52,0,2
50,dedicated,Z,3,False,52,0,2
50,dedicated,Z,3,True,52,0,2
50,coloration,X,1,False,96,22,1
50,coloration,X,1,True,96,22,1
50,coloration,X,2,False,96,22,1
50,coloration,X,2,True,96,22,1
50,coloration,X,3,False,96,22,1
50,coloration,X,3,True,96,22,1
50,coloration,Z,1,False,96,22,1
50,coloration,Z,1,True,96,22,1
50,coloration,Z,2,False,96,22,1
50,coloration,Z,2,True,96,22,1
50,coloration,Z,3,False,96,22,1
50,coloration,Z,3,True,96,22,1
52,dedicated,X,1,False,54,0,2
52,dedicated,X,1,True,54,0,2
52,dedicated,X,2,False,54,0,2
52,dedicated,X,2,True,54,0,2
52,dedicated,X,3,False,54,0,2
52,dedicated,X,3,True,54,0,2
52,dedicated,Z,1,False,54,0,2
52,dedicated,Z,1,True,54,0,2
52,dedicated,Z,2,False,54,0,2
52,dedicated,Z,2,True,54,0,2
52,dedicated,Z,3,False,54,0,2
52,dedicated,Z,3,True,54,0,2
52,coloration,X,1,False,100,23,1
52,coloration,X,1,True,100,23,1
52,coloration,X,2,False,100,23,1
52,coloration,X,2,True,100,23,1
52,coloration,X,3,False,100,23,1
52,coloration,X,3,True,100,23,1
52,coloration,Z,1,False,100,23,1
52,coloration,Z,1,True,100,23,1
52,coloration,Z,2,False,100,23,1
52,coloration,Z,2,True,100,23,1
52,coloration,Z,3,False,100,23,1
52,coloration,Z,3,True,100,23,1
54,dedicated,X,1,False,56,0,2
54,dedicated,X,1,True,56,0,2
54,dedicated,X,2,False,56,0,2
54,dedicated,X,2,True,56,0,2
54,dedicated,X,3,False,56,0,2
54,dedicated,X,3,True,56,0,2
54,dedicated,Z,1,False,56,0,2
54,dedicated,Z,1,True,56,0,2
54,dedicated,Z,2,False,56,0,2
54,dedicated,Z,2,True,56,0,2
54,dedicated,Z,3,False,56,0,2
54,dedicated,Z,3,True,56,0,2
54,coloration,X,1,False,104,24,1
54,coloration,X,1,True,104,24,1
54,coloration,X,2,False,104,24,1
54,coloration,X,2,True,104,24,1
54,coloration,X,3,False,104,24,1
54,coloration,X,3,True,104,24,1
54,coloration,Z,1,False,104,24,1
54,coloration,Z,1,True,104,24,1
54,coloration,Z,2,False,104,24,1
54,coloration,Z,2,True,104,24,1
54,coloration,Z,3,False,104,24,1
54,coloration,Z,3,True,104,24,1
56,dedicated,X,1,False,58,0,2
56,dedicated,X,1,True,58,0,2
56,dedicated,X,2,False,58,0,2
56,dedicated,X,2,True,58,0,2
56,dedicated,X,3,False,58,0,2
56,dedicated,X,3,True,58,0,2
56,dedicated,Z,1,False,58,0,2
56,dedicated,Z,1,True,58,0,2
56,dedicated,Z,2,False,58,0,2
56,dedicated,Z,2,True,58,0,2
56,dedicated,Z,3,False,58,0,2
56,dedicated,Z,3,True,58,0,2
56,coloration,X,1,False,108,25,1
56,coloration,X,1,True,108,25,1
56,coloration,X,2,False,108,25,1
56,coloration,X,2,True,108,25,1
56,coloration,X,3,False,108,25,1
56,coloration,X,3,True,108,25,1
56,coloration,Z,1,False,108,25,1
56,coloration,Z,1,True,108,25,1
56,coloration,Z,2,False,108,25,1
56,coloration,Z,2,True,108,25,1
56,coloration,Z,3,False,108,25,1
56,coloration,Z,3,True,108,25,1
58,dedicated,X,1,False,60,0,2
58,dedicated,X,1,True,60,0,2
58,dedicated,X,2,False,60,0,2
58,dedicated,X,2,True,60,0,2
58,dedicated,X,3,False,60,0,2
58,dedicated,X,3,True,60,0,2
58,dedicated,Z,1,False,60,0,2
58,dedicated,Z,1,True,60,0,2
58,dedicated,Z,2,False,60,0,2
58,dedicated,Z,2,True,60,0,2
58,dedicated,Z,3,False,60,0,2
58,dedicated,Z,3,True,60,0,2
58,coloration,X,1,False,112,26,1
58,coloration,X,1,True,112,26,1
58,coloration,X,2,False,112,26,1
58,coloration,X,2,True,112,26,1
58,coloration,X,3,False,112,26,1
58,coloration,X,3,True,112,26,1
58,coloration,Z,1,False,112,26,1
58,coloration,Z,1,True,112,26,1
58,coloration,Z,2,False,112,26,1
58,coloration,Z,2,True,112,26,1
58,coloration,Z,3,False,112,26,1
58,coloration,Z,3,True,112,26,1
60,dedicated,X,1,False,62,0,2
60,dedicated,X,1,True,62,0,2
60,dedicated,X,2,False,62,0,2
60,dedicated,X,2,True,62,0,2
60,dedicated,X,3,False,62,0,2
60,dedicated,X,3,True,62,0,2
60,dedicated,Z,1,False,62,0,2
60,dedicated,Z,1,True,62,0,2
60,dedicated,Z,2,False,62,0,2
60,dedicated,Z,2,True,62,0,2
60,dedicated,Z,3,False,62,0,2
60,dedicated,Z,3,True,62,0,2
60,coloration,X,1,False,116,27,1
60,coloration,X,1,True,116,27,1
60,coloration,X,2,False,116,27,1
60,coloration,X,2,True,116,27,1
60,coloration,X,3,False,116,27,1
60,coloration,X,3,True,116,27,1
60,coloration,Z,1,False,116,27,1
60,coloration,Z,1,True,116,27,1
60,coloration,Z,2,False,116,27,1
60,coloration,Z,2,True,116,27,1
60,coloration,Z,3,False,116,27,1
60,coloration,Z,3,True,116,27,1
62,dedicated,X,1,False,64,0,2
62,dedicated,X,1,True,64,0,2
62,dedicated,X,2,False,64,0,2
62,dedicated,X,2,True,64,0,2
62,dedicated,X,3,False,64,0,2
62,dedicated,X,3,True,64,0,2
62,dedicated,Z,1,False,64,0,2
62,dedicated,Z,1,True,64,0,2
62,dedicated,Z,2,False,64,0,2
62,dedicated,Z,2,True,64,0,2
62,dedicated,Z,3,False,64,0,2
62,dedicated,Z,3,True,64,0,2
62,coloration,X,1,False,120,28,1
62,coloration,X,1,True,120,28,1
62,coloration,X,2,False,120,28,1
62,coloration,X,2,True,120,28,1
62,coloration,X,3,False,120,28,1
62,coloration,X,3,True,120,28,1
62,coloration,Z,1,False,120,28,1
62,coloration,Z,1,True,120,28,1
62,coloration,Z,2,False,120,28,1
62,coloration,Z,2,True,120,28,1
62,coloration,Z,3,False,120,28,1
62,coloration,Z,3,True,120,28,1
64,dedicated,X,1,False,66,0,2
64,dedicated,X,1,True,66,0,2
64,dedicated,X,2,False,66,0,2
64,dedicated,X,2,True,66,0,2
64,dedicated,X,3,False,66,0,2
64,dedicated,X,3,True,66,0,2
64,dedicated,Z,1,False,66,0,2
64,dedicated,Z,1,True,66,0,2
64,dedicated,Z,2,False,66,0,2
64,dedicated,Z,2,True,66,0,2
64,dedicated,Z,3,False,66,0,2
64,dedicated,Z,3,True,66,0,2
64,coloration,X,1,False,124,29,1
64,coloration,X,1,True,124,29,1
64,coloration,X,2,False,124,29,1
64,coloration,X,2,True,124,29,1
64,coloration,X,3,False,124,29,1
64,coloration,X,3,True,124,29,1
64,coloration,Z,1,False,124,29,1
64,coloration,Z,1,True,124,29,1
64,coloration,Z,2,False,124,29,1
64,coloration,Z,2,True,124,29,1
64,coloration,Z,3,False,124,29,1
64,coloration,Z,3,True,124,29,1
